{"cameraMode":{"drawMode":0,"name":"Shaded","section":"Shading Mode"},"sceneLighting":true,"audioPlay":false,"sceneViewState":{"m_AlwaysRefresh":false,"showFog":true,"showSkybox":true,"showFlares":true,"showImageEffects":true,"showParticleSystems":true,"showVisualEffectGraphs":true,"m_FxEnabled":true},"in2DMode":false,"pivot":{"x":-2.7527947425842287,"y":4.268141269683838,"z":4.559442520141602},"rotation":{"x":0.01587340421974659,"y":0.9790800213813782,"z":-0.18455219268798829,"w":0.08421305567026138},"size":7.586129188537598,"orthographic":false}